email,customer_ids
adam.andersson.102969@gmail.com,"CUST-102969, CUST-139237"
adam.nordstrom.24029@outlook.com,"CUST-166744, CUST-024029"
adnan.holm.146019@hotmail.se,"CUST-009095, CUST-146019"
adnan.norberg.33882@spray.se,"CUST-087964, CUST-033882"
adrian.carroll.199703@yahoo.com,"CUST-146337, CUST-199703"
agnes.lonn.286@telia.se,"CUST-000286, CUST-131404"
agnes.persson.22337@spray.se,"CUST-022337, CUST-015723"
agnes.svensson.70082@gmail.com,"CUST-055624, CUST-070082"
agneta.axelsson.54449@spray.se,"CUST-145549, CUST-054449"
agneta.olsson.63615@outlook.com,"CUST-063615, CUST-163905"
agneta.sundstrom.26556@spray.se,"CUST-026556, CUST-180686"
ake.bjorklund.165167@gmail.com,"CUST-137057, CUST-165167"
albert.nilsson.56291@hotmail.se,"CUST-056291, CUST-082252"
alexander.johansson.107447@gmail.com,"CUST-146245, CUST-107447"
alexandra.hellstrom.55322@telia.se,"CUST-128941, CUST-055322"
alfred.ivarsson.137829@telia.se,"CUST-137829, CUST-046007"
alva.lind.93729@spray.se,"CUST-053709, CUST-093729"
amalia.persson.134288@spray.se,"CUST-125889, CUST-134288"
amira.karlsson.140451@gmail.com,"CUST-140451, CUST-145475"
anders.andersson.121106@hotmail.se,"CUST-121106, CUST-148293"
anders.andersson.83862@gmail.com,"CUST-126799, CUST-083862"
anders.brannstrom.80210@hotmail.se,"CUST-080210, CUST-093719"
anders.lindstrom.139770@hotmail.se,"CUST-166061, CUST-139770"
anders.nilsson.56002@outlook.com,"CUST-169194, CUST-056002"
anders.petersson.82864@hotmail.se,"CUST-082864, CUST-082615"
anders.robertsson.7777@hotmail.se,"CUST-120372, CUST-007777"
andreas.gabrielsson.148186@telia.se,"CUST-148186, CUST-145283"
andreas.nilsson.131783@hotmail.se,"CUST-101455, CUST-131783"
andrew.lloyd.196903@gmail.com,"CUST-017746, CUST-196903"
angela.svard.112875@outlook.com,"CUST-089341, CUST-112875"
anita.olsson.81130@gmail.com,"CUST-094036, CUST-081130"
ann-charlotte.ljung.7128@outlook.com,"CUST-007128, CUST-133111"
ann-christine.sandberg.66063@spray.se,"CUST-066063, CUST-008705"
ann-kristin.hagstrom.121946@outlook.com,"CUST-048435, CUST-121946"
ann-sofi.andersson.120842@hotmail.se,"CUST-171414, CUST-120842"
ann-sofie.oskarsson.124782@spray.se,"CUST-114338, CUST-124782"
anna-karin.andren.154969@hotmail.se,"CUST-038773, CUST-154969"
anna.andersson.164623@telia.se,"CUST-115755, CUST-164623"
anna.eriksson.132488@telia.se,"CUST-132488, CUST-156089"
anna.karlsson.161195@gmail.com,"CUST-151666, CUST-161195"
anna.oskarsson.107016@hotmail.se,"CUST-068178, CUST-107016"
anna.wennberg.123227@hotmail.se,"CUST-123227, CUST-181157"
anne-marie.nordberg.28455@gmail.com,"CUST-028455, CUST-109716"
annelie.andersson.115000@outlook.com,"CUST-115000, CUST-032684"
annika.persson.131296@outlook.com,"CUST-045943, CUST-131296"
annika.skold.148397@hotmail.se,"CUST-042576, CUST-148397"
anton.persson.62226@hotmail.se,"CUST-062226, CUST-072280"
arne.ali.177417@gmail.com,"CUST-177417, CUST-011348"
arne.lindstrom.107337@spray.se,"CUST-133630, CUST-107337"
arne.samuelsson.46668@gmail.com,"CUST-046668, CUST-123575"
arne.turesson.141259@gmail.com,"CUST-112765, CUST-141259"
arthur.lee.199900@yahoo.com,"CUST-082843, CUST-199900"
asa.olsson.124323@spray.se,"CUST-124323, CUST-022390"
aston.axelsson.149596@telia.se,"CUST-193991, CUST-149596"
astrid.moller.4698@hotmail.se,"CUST-146713, CUST-004698"
axel.axelsson.36399@outlook.com,"CUST-036399, CUST-102314"
bengt.claesson.165771@outlook.com,"CUST-165771, CUST-102718"
bengt.edstrom.48222@spray.se,"CUST-048222, CUST-050057"
bengt.karlsson.164584@gmail.com,"CUST-070883, CUST-164584"
bengt.stromberg.101311@hotmail.se,"CUST-101311, CUST-145473"
berit.eriksson.91854@gmail.com,"CUST-133753, CUST-091854"
berndt.karlsson.129108@outlook.com,"CUST-081645, CUST-129108"
beth.vestergaard.170844@yahoo.com,"CUST-034933, CUST-170844"
bill.martinez.180126@gmail.com,"CUST-062934, CUST-180126"
birgitta.berglund.131039@outlook.com,"CUST-049490, CUST-131039"
birgitta.lindgren.121168@telia.se,"CUST-180246, CUST-121168"
bjorn.olsen.166143@telia.se,"CUST-166143, CUST-155121"
bjorn.werner.59480@telia.se,"CUST-046990, CUST-059480"
bo.steen.68125@outlook.com,"CUST-068125, CUST-003636"
borje.ali.63469@outlook.com,"CUST-149716, CUST-063469"
brian.berry.195481@gmail.com,"CUST-057598, CUST-195481"
brian.day.179861@yahoo.com,"CUST-041630, CUST-179861"
britt.hedman.65204@telia.se,"CUST-065204, CUST-138086"
britta.holm.186898@gmail.com,"CUST-153128, CUST-186898"
brittany.herman.194171@outlook.com,"CUST-054301, CUST-194171"
cajsa.andersson.167451@spray.se,"CUST-167451, CUST-065925"
camilla.abdi.25484@outlook.com,"CUST-025484, CUST-134786"
carina.andersson.19841@telia.se,"CUST-070846, CUST-019841"
carl.bengtsson.17189@outlook.com,"CUST-017189, CUST-045721"
carl.karlsson.163743@hotmail.se,"CUST-163743, CUST-193637"
carl.klausen.177888@yahoo.com,"CUST-045197, CUST-177888"
carmen.viberg.50552@gmail.com,"CUST-050552, CUST-081407"
carola.karlsson.167649@hotmail.se,"CUST-154472, CUST-167649"
carolina.karlsson.167839@hotmail.se,"CUST-167839, CUST-146808"
caroline.andersson.83602@outlook.com,"CUST-083602, CUST-198066"
caroline.eriksson.71972@hotmail.se,"CUST-071972, CUST-199648"
catrin.lundberg.133699@gmail.com,"CUST-133699, CUST-157788"
charlie.pettersson.163986@telia.se,"CUST-163986, CUST-113287"
charlie.simonsson.138992@outlook.com,"CUST-056579, CUST-138992"
charlott.svahn.317@gmail.com,"CUST-077003, CUST-000317"
christer.malmqvist.151693@telia.se,"CUST-151693, CUST-170806"
christina.johansson.63904@gmail.com,"CUST-141713, CUST-063904"
christina.mohammed.161323@gmail.com,"CUST-161323, CUST-142054"
christina.nilsson.130193@outlook.com,"CUST-130193, CUST-164743"
claes.persson.59863@telia.se,"CUST-059863, CUST-053534"
clara.astrom.146058@gmail.com,"CUST-146058, CUST-067296"
claudia.green.106668@hotmail.se,"CUST-106668, CUST-141196"
colleen.reynolds.174754@yahoo.com,"CUST-192642, CUST-174754"
conny.akesson.21461@outlook.com,"CUST-021461, CUST-048375"
conny.andersson.97439@spray.se,"CUST-184742, CUST-097439"
cornelia.ekman.104356@outlook.com,"CUST-087355, CUST-104356"
dag.danielsen.175932@yahoo.com,"CUST-175932, CUST-059320"
dan.larsson.88747@hotmail.se,"CUST-006568, CUST-088747"
daniel.backlund.75152@gmail.com,"CUST-075152, CUST-060738"
dante.andersson.162870@spray.se,"CUST-162870, CUST-121020"
david.lindgren.12147@spray.se,"CUST-012147, CUST-100120"
david.paulsson.121556@hotmail.se,"CUST-121556, CUST-075002"
david.saleh.52275@hotmail.se,"CUST-096352, CUST-052275"
debbie.howard.172859@yahoo.com,"CUST-163547, CUST-172859"
dennis.sandberg.116209@hotmail.se,"CUST-116209, CUST-173619"
donna.boone.186990@gmail.com,"CUST-190042, CUST-186990"
dorte.iversen.178025@yahoo.com,"CUST-178025, CUST-150081"
ebbe.andersson.17310@hotmail.se,"CUST-034222, CUST-017310"
ebony.sheppard.198243@gmail.com,"CUST-014592, CUST-198243"
edvin.johansson.36125@outlook.com,"CUST-098090, CUST-036125"
eivind.abrahamsen.186800@gmail.com,"CUST-186800, CUST-089708"
eivor.lundin.165208@telia.se,"CUST-165208, CUST-184538"
elias.christiansen.177586@yahoo.com,"CUST-177586, CUST-017941"
elias.karlsson.90928@hotmail.se,"CUST-101538, CUST-090928"
elias.sjogren.161639@telia.se,"CUST-161639, CUST-151437"
elias.svanberg.46994@gmail.com,"CUST-120223, CUST-046994"
elin.svanberg.2196@gmail.com,"CUST-002196, CUST-145222"
elina.nordin.17382@outlook.com,"CUST-098284, CUST-017382"
elisabet.dahlstrom.89629@gmail.com,"CUST-089629, CUST-000496"
elisabet.eriksson.25209@outlook.com,"CUST-075168, CUST-025209"
elisabeth.ahmad.120647@telia.se,"CUST-120647, CUST-121468"
elisabeth.bengtsson.168368@outlook.com,"CUST-168368, CUST-195953"
elisabeth.lindgren.66831@gmail.com,"CUST-066831, CUST-111346"
ellen.andersson.23250@outlook.com,"CUST-023250, CUST-074048"
ellen.bakke.170310@outlook.com,"CUST-074155, CUST-170310"
ellinor.ahmed.112106@spray.se,"CUST-036119, CUST-112106"
ellinor.engstrom.86113@spray.se,"CUST-030403, CUST-086113"
elsa.forsberg.113528@spray.se,"CUST-111856, CUST-113528"
elsa.hedman.25757@gmail.com,"CUST-073457, CUST-025757"
elsa.molin.142957@hotmail.se,"CUST-142957, CUST-153196"
elsa.palmgren.12841@telia.se,"CUST-012841, CUST-194041"
else.lunde.183820@outlook.com,"CUST-105476, CUST-183820"
elvira.karlsson.82365@spray.se,"CUST-160087, CUST-082365"
emelie.ostling.69206@hotmail.se,"CUST-037352, CUST-069206"
emil.carlsson.39580@telia.se,"CUST-190118, CUST-039580"
emil.eklund.97894@telia.se,"CUST-085708, CUST-097894"
emilia.ahmed.144008@gmail.com,"CUST-019882, CUST-144008"
emilia.rosen.33953@spray.se,"CUST-169567, CUST-033953"
emma.boman.98786@telia.se,"CUST-065196, CUST-098786"
emma.folkesson.145534@telia.se,"CUST-145534, CUST-027670"
emma.hellberg.112753@gmail.com,"CUST-112753, CUST-082242"
emma.josefsson.124483@telia.se,"CUST-124483, CUST-110634"
eric.granberg.80409@telia.se,"CUST-085753, CUST-080409"
eric.lindstrom.93952@spray.se,"CUST-093952, CUST-144890"
erik.gunnarsson.98416@spray.se,"CUST-182441, CUST-098416"
erik.lantz.63063@outlook.com,"CUST-063063, CUST-091953"
erik.larsson.133437@telia.se,"CUST-028306, CUST-133437"
erik.nilsson.94066@spray.se,"CUST-094066, CUST-148689"
erik.persson.110244@hotmail.se,"CUST-025293, CUST-110244"
erik.westlund.114662@hotmail.se,"CUST-031681, CUST-114662"
erika.johansson.97539@telia.se,"CUST-097539, CUST-135799"
erika.nilsson.78345@hotmail.se,"CUST-115429, CUST-078345"
erling.hansen.182262@outlook.com,"CUST-182262, CUST-194132"
ester.pihl.76130@gmail.com,"CUST-076130, CUST-110098"
eva.jansson.26065@outlook.com,"CUST-026065, CUST-170881"
eva.larsson.141496@hotmail.se,"CUST-141496, CUST-062918"
felix.fredriksson.80877@outlook.com,"CUST-080877, CUST-049332"
filip.antonsson.155737@spray.se,"CUST-155737, CUST-076795"
finn.edvardsen.185309@gmail.com,"CUST-185309, CUST-082483"
frank.hauge.180730@yahoo.com,"CUST-157706, CUST-180730"
freddy.holst.177912@yahoo.com,"CUST-180488, CUST-177912"
fredrik.andreasson.133938@telia.se,"CUST-165951, CUST-133938"
fredrik.karlsson.76341@spray.se,"CUST-076341, CUST-172210"
fredrik.larsson.120248@spray.se,"CUST-120248, CUST-101429"
fredrik.nordin.57126@hotmail.se,"CUST-057126, CUST-057143"
freja.johansson.3126@telia.se,"CUST-003126, CUST-192182"
frida.osman.89704@gmail.com,"CUST-089704, CUST-081721"
frida.petersson.67801@telia.se,"CUST-067801, CUST-044518"
gabriel.kristensson.59858@hotmail.se,"CUST-059858, CUST-119338"
gabriella.bergqvist.45941@telia.se,"CUST-124640, CUST-045941"
gary.dalton.172064@yahoo.com,"CUST-148473, CUST-172064"
gerhard.larsson.27351@hotmail.se,"CUST-027351, CUST-184647"
gosta.karlsson.41527@outlook.com,"CUST-041527, CUST-166004"
grant.bridges.190926@gmail.com,"CUST-190926, CUST-088299"
gunnar.hermansson.24081@hotmail.se,"CUST-024081, CUST-054347"
gunnar.lindberg.54446@outlook.com,"CUST-017335, CUST-054446"
gunnar.sandstrom.91559@telia.se,"CUST-091559, CUST-040306"
gunnar.stenlund.88196@spray.se,"CUST-088196, CUST-041632"
gunnar.tornqvist.38322@spray.se,"CUST-038322, CUST-065302"
gunnel.nilsson.153060@telia.se,"CUST-153060, CUST-079592"
gunvor.jansson.780@spray.se,"CUST-099542, CUST-000780"
gustaf.nilsson.129302@gmail.com,"CUST-135015, CUST-129302"
hampus.holgersson.32760@telia.se,"CUST-090976, CUST-032760"
hannah.jonsson.25154@hotmail.se,"CUST-025154, CUST-017697"
hannah.nilsson.155487@hotmail.se,"CUST-001513, CUST-155487"
hans.ahmed.136686@spray.se,"CUST-170872, CUST-136686"
hans.larsson.112769@gmail.com,"CUST-013691, CUST-112769"
hans.norgren.86939@spray.se,"CUST-086939, CUST-055428"
harriet.bengtsson.138606@spray.se,"CUST-138606, CUST-106909"
harry.sandstrom.146022@gmail.com,"CUST-146022, CUST-142403"
hedvig.sandgren.139474@outlook.com,"CUST-139474, CUST-049219"
helena.pettersson.1311@spray.se,"CUST-001311, CUST-159955"
helene.svedberg.168884@outlook.com,"CUST-181179, CUST-168884"
helge.jakobsen.178570@outlook.com,"CUST-115638, CUST-178570"
helle.krogh.188153@gmail.com,"CUST-188153, CUST-162314"
henrik.andersson.99423@spray.se,"CUST-196135, CUST-099423"
henry.sørensen.174033@yahoo.com,"CUST-009431, CUST-174033"
hjalmar.ostman.105067@spray.se,"CUST-183872, CUST-105067"
hugo.levin.164945@hotmail.se,"CUST-069979, CUST-164945"
ida.roos.169486@gmail.com,"CUST-179335, CUST-169486"
inga-britt.lundstrom.69880@outlook.com,"CUST-194157, CUST-069880"
inga.dahlstrom.93152@hotmail.se,"CUST-030060, CUST-093152"
inga.hosseini.110237@hotmail.se,"CUST-110237, CUST-134843"
ingeborg.lundin.6450@spray.se,"CUST-006450, CUST-122700"
ingeborg.petersson.145701@hotmail.se,"CUST-197633, CUST-145701"
ingegard.andersson.40566@spray.se,"CUST-040566, CUST-134523"
ingemar.henningsson.130922@telia.se,"CUST-130922, CUST-122042"
inger.nyberg.150228@outlook.com,"CUST-154130, CUST-150228"
ingrid.andersson.52851@outlook.com,"CUST-090918, CUST-052851"
ingrid.nordstrom.66339@telia.se,"CUST-066339, CUST-152458"
ingrid.olsson.93498@telia.se,"CUST-154326, CUST-093498"
ingrid.sundin.8783@hotmail.se,"CUST-070639, CUST-008783"
ingvar.sjoholm.60327@hotmail.se,"CUST-189679, CUST-060327"
irene.bergqvist.31414@telia.se,"CUST-143676, CUST-031414"
irene.eriksson.12919@telia.se,"CUST-012919, CUST-086391"
irene.jansson.160287@telia.se,"CUST-199572, CUST-160287"
irene.olofsson.44982@gmail.com,"CUST-088082, CUST-044982"
isabella.hakansson.47931@telia.se,"CUST-047931, CUST-196448"
isak.larsson.36066@gmail.com,"CUST-036066, CUST-023370"
jacob.viklund.98917@hotmail.se,"CUST-098917, CUST-170224"
jan.johansson.141482@hotmail.se,"CUST-031221, CUST-141482"
jan.moberg.118748@outlook.com,"CUST-070713, CUST-118748"
jan.nord.92423@hotmail.se,"CUST-176619, CUST-092423"
jeff.white.193872@yahoo.com,"CUST-193872, CUST-074034"
jennie.karlsson.47586@spray.se,"CUST-100006, CUST-047586"
jenny.sandberg.72829@telia.se,"CUST-148052, CUST-072829"
jens.petersson.134880@telia.se,"CUST-134880, CUST-169691"
jesse.jennings.176661@outlook.com,"CUST-176661, CUST-076165"
jessica.hardy.173550@yahoo.com,"CUST-173550, CUST-146972"
joe.smith.176179@yahoo.com,"CUST-176179, CUST-095621"
joel.holmstrom.69041@outlook.com,"CUST-130175, CUST-069041"
joel.sundstrom.112338@telia.se,"CUST-177558, CUST-112338"
johan.bergman.72622@telia.se,"CUST-016265, CUST-072622"
johan.blomgren.167954@outlook.com,"CUST-167954, CUST-003511"
johan.juhlin.21369@hotmail.se,"CUST-021369, CUST-164003"
johan.karlsson.100309@spray.se,"CUST-091128, CUST-100309"
johan.svensson.90384@spray.se,"CUST-090384, CUST-081026"
johanna.bergkvist.113955@gmail.com,"CUST-113955, CUST-026288"
johanna.granberg.146310@telia.se,"CUST-142255, CUST-146310"
john.andersson.103662@hotmail.se,"CUST-103662, CUST-056813"
jonas.eriksson.110979@hotmail.se,"CUST-110979, CUST-196956"
jonas.larsson.125117@spray.se,"CUST-125117, CUST-163623"
jonathan.karlsson.161695@outlook.com,"CUST-153177, CUST-161695"
jonny.andersson.9210@spray.se,"CUST-150733, CUST-009210"
josefin.karlsson.17707@hotmail.se,"CUST-119084, CUST-017707"
josefina.bodin.123878@hotmail.se,"CUST-123878, CUST-072719"
julia.karlsson.146191@spray.se,"CUST-179883, CUST-146191"
julie.turesson.74400@spray.se,"CUST-150062, CUST-074400"
kajsa.naslund.99926@outlook.com,"CUST-163901, CUST-099926"
karin.alm.97752@spray.se,"CUST-081433, CUST-097752"
karin.andersson.166152@telia.se,"CUST-086999, CUST-166152"
karin.hjelm.118534@outlook.com,"CUST-118534, CUST-194454"
karin.ingvarsson.58445@outlook.com,"CUST-058445, CUST-009325"
karin.jonsson.140870@spray.se,"CUST-007943, CUST-140870"
karin.lie.171605@outlook.com,"CUST-171605, CUST-178603"
karin.omar.9047@gmail.com,"CUST-137089, CUST-009047"
karina.emanuelsson.24855@telia.se,"CUST-067821, CUST-024855"
karl.persson.67080@gmail.com,"CUST-067080, CUST-091839"
karl.sundstrom.88662@gmail.com,"CUST-088662, CUST-114397"
karolina.dahlin.39435@telia.se,"CUST-088146, CUST-039435"
katarina.bjork.154277@telia.se,"CUST-154277, CUST-182264"
katarina.ibrahim.48309@telia.se,"CUST-048309, CUST-106736"
katarina.karlsson.90816@gmail.com,"CUST-091156, CUST-090816"
kenneth.rønning.180954@outlook.com,"CUST-155968, CUST-180954"
kerstin.jonsson.110933@gmail.com,"CUST-158445, CUST-110933"
kerstin.nilsson.65357@outlook.com,"CUST-065357, CUST-171316"
kerstin.svensson.28322@telia.se,"CUST-028322, CUST-081790"
kian.carlsson.76842@outlook.com,"CUST-161837, CUST-076842"
kim.overgaard.180418@yahoo.com,"CUST-111058, CUST-180418"
kjell.johansson.166272@telia.se,"CUST-135586, CUST-166272"
kjell.myhre.174869@outlook.com,"CUST-162378, CUST-174869"
kjell.skoog.59371@gmail.com,"CUST-196794, CUST-059371"
klara.lilja.94303@telia.se,"CUST-071724, CUST-094303"
klavs.toft.171743@gmail.com,"CUST-098089, CUST-171743"
knut.evensen.181487@gmail.com,"CUST-181487, CUST-085204"
knut.nielsen.142981@telia.se,"CUST-142981, CUST-027854"
konrad.ahmad.139095@hotmail.se,"CUST-016346, CUST-139095"
krister.nyberg.85441@hotmail.se,"CUST-085441, CUST-024748"
kristina.berggren.22994@spray.se,"CUST-022994, CUST-040043"
kristina.lopez.172239@gmail.com,"CUST-062553, CUST-172239"
kristina.nystrom.91919@gmail.com,"CUST-160751, CUST-091919"
kristina.persson.94084@gmail.com,"CUST-040129, CUST-094084"
kristoffer.holmqvist.147796@outlook.com,"CUST-194498, CUST-147796"
kumar.gustavsson.113687@hotmail.se,"CUST-113687, CUST-096460"
kurt.berntsson.124469@spray.se,"CUST-104817, CUST-124469"
lars.ahmed.95455@gmail.com,"CUST-135484, CUST-095455"
lars.andersson.155020@outlook.com,"CUST-155020, CUST-076324"
lars.blomgren.94610@gmail.com,"CUST-094610, CUST-102519"
lars.danielsson.75672@spray.se,"CUST-199561, CUST-075672"
lars.gunnarsson.151740@outlook.com,"CUST-181246, CUST-151740"
lars.mohammadi.33366@telia.se,"CUST-176913, CUST-033366"
leif.edvardsen.181963@gmail.com,"CUST-054587, CUST-181963"
lena.niklasson.64446@outlook.com,"CUST-064446, CUST-163717"
lennart.forsell.2054@telia.se,"CUST-199280, CUST-002054"
lennart.lundgren.16095@outlook.com,"CUST-016095, CUST-075248"
liam.pettersson.123355@gmail.com,"CUST-123355, CUST-074732"
liisa.lindberg.98205@spray.se,"CUST-098205, CUST-038865"
lilly.andersson.38389@telia.se,"CUST-165152, CUST-038389"
lilly.sandin.112867@gmail.com,"CUST-112867, CUST-065686"
linda.viklund.39797@gmail.com,"CUST-151445, CUST-039797"
linnea.berglund.145476@telia.se,"CUST-016118, CUST-145476"
liselotte.blom.92526@hotmail.se,"CUST-066993, CUST-092526"
liv.ahmed.42214@outlook.com,"CUST-042214, CUST-134929"
liv.larsson.21568@hotmail.se,"CUST-021568, CUST-091816"
liv.mattsson.105027@spray.se,"CUST-107116, CUST-105027"
lotta.strom.74356@gmail.com,"CUST-184945, CUST-074356"
louise.andersson.164526@outlook.com,"CUST-164526, CUST-157524"
lucas.helgesson.124897@telia.se,"CUST-124897, CUST-050834"
lucas.noren.54910@telia.se,"CUST-198006, CUST-054910"
luis.abrahamsson.25320@telia.se,"CUST-077371, CUST-025320"
lukas.almgren.167751@spray.se,"CUST-098944, CUST-167751"
magdalena.jonsson.37969@hotmail.se,"CUST-136658, CUST-037969"
maj.jansson.9732@gmail.com,"CUST-168728, CUST-009732"
maj.karlsson.42540@outlook.com,"CUST-042540, CUST-139071"
maja.svensson.14916@gmail.com,"CUST-154398, CUST-014916"
malin.lundstrom.95898@gmail.com,"CUST-095898, CUST-019989"
malou.svendsen.184185@yahoo.com,"CUST-184185, CUST-131348"
marcus.andersson.159870@spray.se,"CUST-067809, CUST-159870"
marcus.hjelm.74315@gmail.com,"CUST-074315, CUST-111829"
margareta.johansson.141512@hotmail.se,"CUST-141512, CUST-159957"
margareta.johansson.55966@telia.se,"CUST-013100, CUST-055966"
margareta.larsson.41568@telia.se,"CUST-041568, CUST-073955"
margareta.lindberg.110531@outlook.com,"CUST-110531, CUST-163364"
margit.lind.38802@outlook.com,"CUST-038802, CUST-159956"
margit.moller.74707@hotmail.se,"CUST-033692, CUST-074707"
margot.carlsson.150365@telia.se,"CUST-150365, CUST-106318"
maria.andersson.107588@gmail.com,"CUST-156140, CUST-107588"
maria.andersson.114260@outlook.com,"CUST-114260, CUST-013551"
maria.andersson.41668@gmail.com,"CUST-177378, CUST-041668"
maria.arvidsson.28266@spray.se,"CUST-140419, CUST-028266"
maria.ekstrom.121885@outlook.com,"CUST-121885, CUST-030832"
maria.hansen.171004@gmail.com,"CUST-114273, CUST-171004"
maria.hansson.140636@gmail.com,"CUST-070179, CUST-140636"
maria.holm.107508@outlook.com,"CUST-107508, CUST-015355"
maria.holmberg.77670@spray.se,"CUST-054493, CUST-077670"
maria.kristiansen.182798@yahoo.com,"CUST-007542, CUST-182798"
maria.roos.344@gmail.com,"CUST-084866, CUST-000344"
maria.simonsson.157505@hotmail.se,"CUST-159832, CUST-157505"
maria.soderberg.85915@hotmail.se,"CUST-019651, CUST-085915"
maria.svensson.41371@gmail.com,"CUST-065103, CUST-041371"
maria.wiklund.14176@hotmail.se,"CUST-085800, CUST-014176"
marianne.fransson.54107@hotmail.se,"CUST-159541, CUST-054107"
marianne.israelsson.94859@telia.se,"CUST-162296, CUST-094859"
marianne.lindgren.86484@telia.se,"CUST-086484, CUST-136785"
marianne.svantesson.32912@hotmail.se,"CUST-032912, CUST-007515"
marie.eriksson.47929@telia.se,"CUST-169826, CUST-047929"
marita.bergman.129094@outlook.com,"CUST-062499, CUST-129094"
mark.cain.191710@outlook.com,"CUST-191710, CUST-084588"
markus.andersen.187225@yahoo.com,"CUST-187225, CUST-106698"
mary.hansson.67380@spray.se,"CUST-067380, CUST-145074"
matheo.stark.26754@spray.se,"CUST-115563, CUST-026754"
mattias.blomqvist.56555@telia.se,"CUST-056555, CUST-088569"
mattias.persson.116851@telia.se,"CUST-195915, CUST-116851"
maurice.larsen.182693@gmail.com,"CUST-182693, CUST-004724"
melissa.decker.180203@yahoo.com,"CUST-180203, CUST-012815"
melissa.gillespie.195545@gmail.com,"CUST-099314, CUST-195545"
michael.erlandsson.132675@telia.se,"CUST-132675, CUST-166710"
michael.hedin.124877@hotmail.se,"CUST-182060, CUST-124877"
michael.peterson.195095@outlook.com,"CUST-195095, CUST-026207"
michal.ingvarsson.49529@telia.se,"CUST-049529, CUST-127461"
michel.carlsson.31236@gmail.com,"CUST-031236, CUST-006499"
michelle.andersson.89702@outlook.com,"CUST-163343, CUST-089702"
mikael.gustafsson.161767@telia.se,"CUST-024892, CUST-161767"
mikael.hansen.186759@gmail.com,"CUST-140478, CUST-186759"
mikael.lennartsson.142581@gmail.com,"CUST-138413, CUST-142581"
mikael.martensson.2874@outlook.com,"CUST-095138, CUST-002874"
mikael.olsson.117716@outlook.com,"CUST-157718, CUST-117716"
mikael.pettersson.166057@telia.se,"CUST-144542, CUST-166057"
milton.lindblom.139312@spray.se,"CUST-183330, CUST-139312"
mona.johansson.123451@spray.se,"CUST-093349, CUST-123451"
nadia.friis.184096@outlook.com,"CUST-184096, CUST-173430"
nadia.karlsson.150631@telia.se,"CUST-150631, CUST-175160"
nancy.eriksson.34771@gmail.com,"CUST-034771, CUST-165136"
nancy.zuniga.187234@outlook.com,"CUST-187234, CUST-090550"
nicklas.andersson.99607@spray.se,"CUST-099607, CUST-051266"
nicole.johnson.187901@gmail.com,"CUST-111448, CUST-187901"
niklas.hansson.63442@outlook.com,"CUST-103575, CUST-063442"
nils.edvardsson.125238@telia.se,"CUST-125238, CUST-093396"
ola.persson.108089@hotmail.se,"CUST-108089, CUST-116074"
olav.hansen.183616@gmail.com,"CUST-183616, CUST-005631"
olav.larsen.187168@yahoo.com,"CUST-007668, CUST-187168"
oliver.mattsson.140353@hotmail.se,"CUST-140353, CUST-105840"
olivia.lindberg.18215@gmail.com,"CUST-018215, CUST-019206"
olof.eriksson.24362@gmail.com,"CUST-024362, CUST-105401"
olof.nordstrom.18951@spray.se,"CUST-018951, CUST-001625"
ove.andersson.16367@telia.se,"CUST-149437, CUST-016367"
ove.dahlin.84707@hotmail.se,"CUST-007652, CUST-084707"
ove.lundberg.93358@spray.se,"CUST-071381, CUST-093358"
par.kjellberg.30595@spray.se,"CUST-050936, CUST-030595"
patrick.persson.353@telia.se,"CUST-073370, CUST-000353"
patrick.white.192739@gmail.com,"CUST-192739, CUST-031020"
patrik.johansson.137517@hotmail.se,"CUST-114084, CUST-137517"
paul.nguyen.191048@yahoo.com,"CUST-191048, CUST-112315"
paula.carlsson.127233@outlook.com,"CUST-179423, CUST-127233"
per.andersson.82925@hotmail.se,"CUST-034063, CUST-082925"
per.ekman.156903@hotmail.se,"CUST-021714, CUST-156903"
per.halvarsson.109117@gmail.com,"CUST-122879, CUST-109117"
per.hedberg.122212@gmail.com,"CUST-180662, CUST-122212"
per.nilsson.150812@gmail.com,"CUST-050025, CUST-150812"
per.nilsson.75908@telia.se,"CUST-101489, CUST-075908"
pernilla.lundstrom.8548@telia.se,"CUST-149588, CUST-008548"
peter.karlsson.106674@hotmail.se,"CUST-106674, CUST-069912"
peter.lantz.55001@hotmail.se,"CUST-016372, CUST-055001"
peter.olsson.13118@outlook.com,"CUST-013118, CUST-087366"
peter.strandberg.33193@outlook.com,"CUST-033193, CUST-124737"
petra.nilsson.139122@gmail.com,"CUST-133646, CUST-139122"
pål.andresen.187399@yahoo.com,"CUST-187399, CUST-002455"
rachel.joyce.193297@yahoo.com,"CUST-193297, CUST-075112"
ragnar.larsson.110662@gmail.com,"CUST-110662, CUST-179108"
randall.white.199363@yahoo.com,"CUST-070529, CUST-199363"
rasmus.axelsson.96596@spray.se,"CUST-085549, CUST-096596"
rebecka.johnsson.75311@telia.se,"CUST-075311, CUST-135058"
richard.friberg.133710@telia.se,"CUST-141574, CUST-133710"
robert.backstrom.123585@outlook.com,"CUST-123585, CUST-028262"
robert.hasan.110263@telia.se,"CUST-162730, CUST-110263"
robert.lindblom.120813@telia.se,"CUST-120813, CUST-086874"
roger.jansson.109764@telia.se,"CUST-109764, CUST-163956"
roger.lundin.11258@gmail.com,"CUST-089008, CUST-011258"
roland.mansson.131193@gmail.com,"CUST-167144, CUST-131193"
rolf.andersson.1500@gmail.com,"CUST-171682, CUST-001500"
rolf.backman.110182@telia.se,"CUST-110182, CUST-120765"
ron.kristiansen.170437@gmail.com,"CUST-133809, CUST-170437"
ronny.svensson.93999@gmail.com,"CUST-060623, CUST-093999"
rune.johansson.107656@telia.se,"CUST-012864, CUST-107656"
ruth.svensson.15434@spray.se,"CUST-032174, CUST-015434"
sabrina.morris.186541@gmail.com,"CUST-043783, CUST-186541"
samuel.granath.76211@spray.se,"CUST-074457, CUST-076211"
samuel.jonsson.133463@spray.se,"CUST-078896, CUST-133463"
sanna.karlsson.2575@gmail.com,"CUST-002575, CUST-122207"
sara.larsson.7908@telia.se,"CUST-007908, CUST-103598"
sebastian.moberg.157437@hotmail.se,"CUST-041388, CUST-157437"
selma.forslund.122075@hotmail.se,"CUST-075528, CUST-122075"
seth.martin.193241@outlook.com,"CUST-193241, CUST-165575"
signe.hellberg.87957@gmail.com,"CUST-075272, CUST-087957"
signe.lindstrom.126093@gmail.com,"CUST-126093, CUST-021100"
silje.kristoffersen.170645@outlook.com,"CUST-170645, CUST-032220"
sille.mikkelsen.183266@outlook.com,"CUST-013167, CUST-183266"
simon.andersson.93617@spray.se,"CUST-025667, CUST-093617"
simon.hansson.2832@spray.se,"CUST-152486, CUST-002832"
siv.fagerstrom.35152@hotmail.se,"CUST-158211, CUST-035152"
siv.henriksen.179100@gmail.com,"CUST-179100, CUST-077977"
sofia.gustavsson.157910@outlook.com,"CUST-181533, CUST-157910"
sofia.magnusson.91995@outlook.com,"CUST-091995, CUST-037793"
sophia.andersson.23971@outlook.com,"CUST-023971, CUST-113774"
stefan.andreasson.141258@telia.se,"CUST-071136, CUST-141258"
stefan.hasan.22321@gmail.com,"CUST-056111, CUST-022321"
steven.strickland.191595@gmail.com,"CUST-191595, CUST-012153"
stina.moller.119343@hotmail.se,"CUST-068940, CUST-119343"
susanna.johansson.37089@gmail.com,"CUST-178095, CUST-037089"
susanne.emanuelsson.114189@outlook.com,"CUST-114189, CUST-056415"
susanne.karlsson.76591@gmail.com,"CUST-076591, CUST-198349"
sven.ahlberg.91994@gmail.com,"CUST-154589, CUST-091994"
sylvia.sjoberg.132355@telia.se,"CUST-002132, CUST-132355"
tapio.bergman.57294@outlook.com,"CUST-057294, CUST-192464"
teodor.johansson.99366@gmail.com,"CUST-020339, CUST-099366"
terje.sørensen.186725@yahoo.com,"CUST-100350, CUST-186725"
test.test.24@test.com,"CUST-036983, CUST-099434, CUST-142928"
test.test.35@test.com,"CUST-193566, CUST-106550"
test.test.54@test.com,"CUST-128064, CUST-158322"
test.test.71@test.com,"CUST-075316, CUST-109127"
test.test.74@test.com,"CUST-191219, CUST-164436"
test.test.89@test.com,"CUST-034543, CUST-186384, CUST-116867"
test.test.98@test.com,"CUST-103186, CUST-169296"
test.test.99@test.com,"CUST-001523, CUST-100550"
test.test.9@test.com,"CUST-143834, CUST-031488"
theo.ahmadi.137619@outlook.com,"CUST-137619, CUST-161689"
therese.lundin.85604@outlook.com,"CUST-085604, CUST-158665"
thomas.fuentes.192343@outlook.com,"CUST-192343, CUST-115619"
tilde.kjeldsen.183995@gmail.com,"CUST-040499, CUST-183995"
tim.andersson.141588@hotmail.se,"CUST-074690, CUST-141588"
tim.larsson.120529@gmail.com,"CUST-134974, CUST-120529"
tindra.gustafsson.90883@hotmail.se,"CUST-061950, CUST-090883"
tobias.andersen.177713@gmail.com,"CUST-177713, CUST-191400"
tomas.nilsson.90518@telia.se,"CUST-076599, CUST-090518"
tommy.larsson.56566@hotmail.se,"CUST-159965, CUST-056566"
tonje.bakken.178961@gmail.com,"CUST-178961, CUST-139713"
tord.akerman.97909@hotmail.se,"CUST-097909, CUST-152050"
tore.haraldsson.37808@hotmail.se,"CUST-037808, CUST-047813"
torgny.soderholm.127760@outlook.com,"CUST-127760, CUST-145152"
ulla.ahmad.159432@outlook.com,"CUST-159432, CUST-153512"
ulla.andersson.66234@hotmail.se,"CUST-048189, CUST-066234"
uno.molin.6447@outlook.com,"CUST-089345, CUST-006447"
valter.sundberg.139173@hotmail.se,"CUST-139173, CUST-185922"
vega.johansson.110603@telia.se,"CUST-096987, CUST-110603"
vegard.moe.173756@outlook.com,"CUST-142136, CUST-173756"
vera.hansson.135935@gmail.com,"CUST-168318, CUST-135935"
victor.andersson.151857@hotmail.se,"CUST-151857, CUST-042296"
victoria.hogberg.61943@spray.se,"CUST-061943, CUST-105169"
wesley.schmidt.185620@yahoo.com,"CUST-185620, CUST-010860"
wilhelm.jorgensen.117856@telia.se,"CUST-160290, CUST-117856"
wille.persson.131397@spray.se,"CUST-131397, CUST-062973"
william.ek.162321@gmail.com,"CUST-162321, CUST-108084"
william.ekman.114427@spray.se,"CUST-199961, CUST-114427"
william.garcia.171629@gmail.com,"CUST-199476, CUST-171629"
william.palsson.130533@telia.se,"CUST-171833, CUST-130533"
willy.norberg.91988@spray.se,"CUST-169427, CUST-091988"
wilma.andersson.72835@gmail.com,"CUST-063685, CUST-072835"
wilma.strid.121450@outlook.com,"CUST-121450, CUST-177353"
winni.iversen.184715@gmail.com,"CUST-184715, CUST-054057"
yan.petersen.177328@outlook.com,"CUST-048871, CUST-177328"
ylva.nordstrom.155146@telia.se,"CUST-007460, CUST-155146"
yusuf.stenberg.95638@outlook.com,"CUST-095638, CUST-145661"
yvonne.aberg.112116@spray.se,"CUST-137920, CUST-112116"
øyvind.arnesen.187828@gmail.com,"CUST-056240, CUST-187828"
